{"stat.useItem.minecraft.bow":1,"stat.leaveGame":3,"stat.craftItem.minecraft.iron_axe":1,"stat.mineBlock.minecraft.sandstone":14,"stat.craftItem.minecraft.shield":1,"stat.useItem.minecraft.planks":110,"stat.pickup.minecraft.glowstone_dust":2,"stat.pickup.minecraft.porkchop":142,"stat.useItem.minecraft.water_bucket":28,"stat.pickup.minecraft.rotten_flesh":33,"stat.pickup.minecraft.sand":132,"stat.entityKilledBy.Spider":1,"stat.craftItem.minecraft.stone_axe":1,"stat.pickup.minecraft.bucket":1,"stat.killEntity.Enderman":1,"stat.mineBlock.minecraft.sand":64,"stat.killEntity.Witch":1,"stat.drop.minecraft.sand":1,"stat.craftItem.minecraft.wooden_hoe":3,"stat.useItem.minecraft.iron_pickaxe":286,"stat.pickup.minecraft.stained_hardened_clay":2,"stat.craftItem.minecraft.wooden_pickaxe":1,"stat.craftItem.minecraft.bed":4,"stat.furnaceInteraction":148,"stat.killEntity.ZombieVillager":1,"stat.drop.minecraft.red_flower":1,"stat.pickup.minecraft.beef":2,"stat.useItem.minecraft.cooked_mutton":13,"stat.pickup.minecraft.furnace":16,"stat.mineBlock.minecraft.stained_hardened_clay":2,"stat.useItem.minecraft.trapdoor":1,"stat.pickup.minecraft.iron_chestplate":3,"stat.drop.minecraft.wooden_hoe":1,"stat.useItem.minecraft.wheat_seeds":275,"stat.useItem.minecraft.dye":106,"stat.deaths":4,"stat.pickup.minecraft.egg":49,"stat.playOneMinute":361180,"stat.mineBlock.minecraft.stone_pressure_plate":1,"stat.craftItem.minecraft.iron_pickaxe":2,"stat.mineBlock.minecraft.tallgrass":512,"stat.craftItem.minecraft.cooked_mutton":31,"stat.pickup.minecraft.cooked_mutton":31,"stat.chestOpened":81,"stat.pickup.minecraft.pumpkin":5,"stat.craftItem.minecraft.sign":6,"stat.useItem.minecraft.stone":10,"stat.pickup.minecraft.arrow":75,"stat.pickup.minecraft.iron_sword":7,"stat.drop.minecraft.iron_pickaxe":1,"stat.pickup.minecraft.cooked_chicken":9,"stat.fallOneCm":40720,"stat.drop.minecraft.stone":2,"stat.drop.minecraft.dye":2,"stat.crouchOneCm":21921,"stat.mineBlock.minecraft.chest":1,"stat.craftItem.minecraft.iron_ingot":96,"stat.craftItem.minecraft.chest":1,"stat.craftingTableInteraction":54,"stat.pickup.minecraft.wooden_pickaxe":2,"stat.pickup.minecraft.feather":69,"stat.useItem.minecraft.furnace":6,"stat.pickup.minecraft.dye":4,"stat.pickup.minecraft.planks":200,"stat.pickup.minecraft.iron_leggings":1,"stat.pickup.minecraft.wheat_seeds":468,"stat.mineBlock.minecraft.gravel":2,"stat.useItem.minecraft.stone_pickaxe":286,"stat.craftItem.minecraft.iron_leggings":2,"stat.killEntity.Rabbit":1,"stat.useItem.minecraft.wool":3,"stat.mineBlock.minecraft.dirt":173,"stat.drop.minecraft.stick":2,"stat.useItem.minecraft.torch":25,"stat.useItem.minecraft.bread":10,"stat.drop.minecraft.rotten_flesh":5,"stat.pickup.minecraft.crafting_table":11,"stat.useItem.minecraft.log":4,"stat.useItem.minecraft.cobblestone":21,"stat.craftItem.minecraft.crafting_table":8,"stat.useItem.minecraft.gravel":1,"stat.mineBlock.minecraft.double_plant":24,"stat.craftItem.minecraft.boat":2,"stat.pickup.minecraft.log":175,"stat.pickup.minecraft.iron_pickaxe":8,"stat.pickup.minecraft.chicken":49,"stat.pickup.minecraft.sapling":56,"stat.pickup.minecraft.apple":3,"stat.pickup.minecraft.beetroot":5,"stat.craftItem.minecraft.bucket":2,"stat.craftItem.minecraft.planks":524,"stat.useItem.minecraft.iron_sword":360,"stat.pickup.minecraft.book":126,"stat.mineBlock.minecraft.log":140,"stat.craftItem.minecraft.cooked_chicken":45,"stat.pickup.minecraft.red_flower":3,"stat.sneakTime":9480,"stat.pickup.minecraft.wool":40,"stat.drop.minecraft.yellow_flower":5,"stat.pickup.minecraft.yellow_flower":11,"stat.useItem.minecraft.beetroot":3,"stat.pickup.minecraft.chest":1,"stat.drop.minecraft.stone_pickaxe":1,"stat.pickup.minecraft.bone":48,"stat.pickup.minecraft.stone_pressure_plate":1,"stat.drop.minecraft.beetroot":1,"stat.useItem.minecraft.iron_axe":200,"stat.drop.minecraft.stone_shovel":1,"stat.mineBlock.minecraft.pumpkin":1,"stat.mineBlock.minecraft.cobblestone":1,"stat.pickup.minecraft.stone_pickaxe":2,"stat.mineBlock.minecraft.yellow_flower":3,"stat.entityKilledBy.Witch":1,"stat.swimOneCm":55020,"stat.climbOneCm":7947,"stat.pickup.minecraft.enchanted_book":3,"stat.drop.minecraft.cobblestone":2,"stat.pickup.minecraft.cooked_porkchop":31,"stat.useItem.minecraft.dirt":225,"stat.useItem.minecraft.stone_slab2":135,"stat.pickup.minecraft.bow":14,"stat.pickup.minecraft.iron_boots":2,"stat.craftItem.minecraft.furnace":5,"stat.useItem.minecraft.egg":27,"stat.craftItem.minecraft.iron_boots":2,"stat.craftItem.minecraft.trapdoor":2,"stat.craftItem.minecraft.stone_pickaxe":2,"stat.pickup.minecraft.shears":2,"stat.pickup.minecraft.cobblestone":499,"stat.useItem.minecraft.stone_shovel":131,"stat.flyOneCm":410511,"stat.pickup.minecraft.sandstone":13,"stat.pickup.minecraft.glass_bottle":1,"stat.drop.minecraft.wheat_seeds":20,"stat.mineBlock.minecraft.iron_ore":97,"stat.timeSinceDeath":26957,"stat.useItem.minecraft.sign":4,"stat.drop.minecraft.log":5,"stat.pickup.minecraft.mutton":31,"stat.useItem.minecraft.cooked_porkchop":13,"stat.pickup.minecraft.trapdoor":2,"stat.mineBlock.minecraft.coal_ore":232,"stat.drop.minecraft.wool":4,"stat.pickup.minecraft.shield":5,"stat.talkedToVillager":28,"stat.pickup.minecraft.string":6,"stat.entityKilledBy.Skeleton":1,"stat.craftItem.minecraft.stone_slab2":0,"stat.sprintOneCm":1758339,"stat.craftItem.minecraft.stick":108,"stat.mineBlock.minecraft.crafting_table":9,"stat.useItem.minecraft.bucket":32,"stat.entityKilledBy.Creeper":1,"stat.mineBlock.minecraft.planks":19,"stat.drop":68,"stat.killEntity.Sheep":20,"stat.useItem.minecraft.ladder":2,"stat.craftItem.minecraft.emerald":5,"stat.killEntity.Zombie":5,"stat.craftItem.minecraft.dye":111,"stat.diveOneCm":49001,"stat.pickup.minecraft.wheat":163,"stat.craftItem.minecraft.ladder":33,"stat.pickup.minecraft.sign":4,"stat.drop.minecraft.wooden_pickaxe":1,"stat.pickup.minecraft.gravel":2,"stat.craftItem.minecraft.cooked_porkchop":99,"stat.useItem.minecraft.chicken":3,"stat.pickup.minecraft.stone_axe":2,"stat.useItem.minecraft.rotten_flesh":2,"stat.drop.minecraft.sandstone":7,"stat.jump":3292,"stat.useItem.minecraft.sand":33,"stat.useItem.minecraft.wooden_hoe":163,"stat.pickup.minecraft.coal":503,"stat.pickup.minecraft.iron_helmet":2,"stat.pickup.minecraft.iron_ingot":77,"stat.useItem.minecraft.stone_axe":111,"stat.pickup.minecraft.gunpowder":26,"stat.craftItem.minecraft.bread":23,"stat.craftItem.minecraft.torch":16,"stat.pickup.minecraft.dirt":409,"stat.useItem.minecraft.cooked_chicken":17,"stat.pickup.minecraft.iron_ore":141,"stat.pickup.minecraft.stone_shovel":1,"stat.useItem.minecraft.sapling":46,"stat.pickup.minecraft.iron_axe":1,"stat.pickup.minecraft.leaves":392,"stat.mineBlock.minecraft.glass_pane":1,"stat.damageTaken":2954,"stat.mineBlock.minecraft.furnace":9,"stat.mineBlock.minecraft.red_flower":1,"stat.mineBlock.minecraft.torch":10,"stat.useItem.minecraft.wooden_pickaxe":59,"stat.tradedWithVillager":12,"stat.mineBlock.minecraft.sapling":10,"stat.pickup.minecraft.reeds":91,"stat.pickup.minecraft.bed":8,"stat.damageDealt":16394,"stat.drop.minecraft.cooked_chicken":6,"stat.craftItem.minecraft.glass":22,"stat.sleepInBed":21,"stat.killEntity.Cow":1,"stat.killEntity.Pig":37,"stat.craftItem.minecraft.iron_sword":1,"stat.pickup.minecraft.boat":5,"stat.craftItem.minecraft.stone_shovel":1,"stat.walkOneCm":879572,"stat.animalsBred":26,"stat.pickup.minecraft.stick":17,"stat.useItem.minecraft.tnt":18,"stat.useItem.minecraft.lava_bucket":2,"stat.pickup.minecraft.tnt":19,"stat.pickup.minecraft.stone":30,"stat.craftItem.minecraft.iron_chestplate":1,"stat.mineBlock.minecraft.wool":4,"stat.pickup.minecraft.ender_pearl":3,"stat.useItem.minecraft.leaves":384,"stat.pickup.minecraft.ladder":15,"stat.pickup.minecraft.gold_ingot":14,"stat.killEntity.Skeleton":16,"stat.mineBlock.minecraft.tnt":19,"stat.killEntity.Chicken":51,"stat.killEntity.Spider":1,"stat.mobKills":175,"stat.mineBlock.minecraft.bookshelf":14,"stat.craftItem.minecraft.shears":2,"stat.useItem.minecraft.boat":5,"stat.pickup.minecraft.water_bucket":2,"stat.mineBlock.minecraft.leaves":581,"stat.pickup.minecraft.torch":10,"stat.pickup.minecraft.lava_bucket":2,"stat.drop.minecraft.beef":1,"stat.mineBlock.minecraft.stone":217,"stat.useItem.minecraft.sandstone":2}