{"stat.chestOpened":43,"stat.pickup.minecraft.bone":2,"stat.leaveGame":2,"stat.pickup.minecraft.arrow":2,"stat.useItem.minecraft.apple":4,"stat.useItem.minecraft.rotten_flesh":6,"stat.jump":960,"stat.swimOneCm":21437,"stat.pickup.minecraft.coal":2,"stat.pickup.minecraft.cooked_chicken":6,"stat.pickup.minecraft.iron_helmet":1,"stat.fallOneCm":10176,"stat.craftItem.minecraft.shield":1,"stat.climbOneCm":648,"stat.drop.minecraft.dye":2,"stat.crouchOneCm":285,"stat.craftItem.minecraft.chest":1,"stat.pickup.minecraft.dirt":51,"stat.useItem.minecraft.dirt":44,"stat.useItem.minecraft.stone_slab2":109,"stat.useItem.minecraft.cooked_chicken":5,"stat.craftingTableInteraction":18,"stat.pickup.minecraft.rotten_flesh":8,"stat.pickup.minecraft.sand":31,"stat.damageTaken":1420,"stat.useItem.minecraft.wooden_pickaxe":8,"stat.pickup.minecraft.cobblestone":12,"stat.mineBlock.minecraft.sapling":1,"stat.pickup.minecraft.wooden_hoe":2,"stat.pickup.minecraft.dye":6,"stat.flyOneCm":293375,"stat.pickup.minecraft.bed":2,"stat.pickup.minecraft.glass_bottle":2,"stat.pickup.minecraft.wheat_seeds":3,"stat.mineBlock.minecraft.sand":3,"stat.entityKilledBy.Zombie":1,"stat.drop.minecraft.sand":26,"stat.damageDealt":1867,"stat.mineBlock.minecraft.iron_ore":1,"stat.sleepInBed":7,"stat.timeSinceDeath":130564,"stat.mineBlock.minecraft.dirt":50,"stat.useItem.minecraft.iron_pickaxe":22,"stat.drop.minecraft.log":36,"stat.craftItem.minecraft.wooden_pickaxe":1,"stat.craftItem.minecraft.iron_sword":3,"stat.pickup.minecraft.double_plant":3,"stat.walkOneCm":417768,"stat.drop.minecraft.rotten_flesh":1,"stat.useItem.minecraft.cobblestone":1,"stat.craftItem.minecraft.crafting_table":1,"stat.furnaceInteraction":7,"stat.mineBlock.minecraft.double_plant":1,"stat.mineBlock.minecraft.coal_ore":2,"stat.pickup.minecraft.shield":2,"stat.pickup.minecraft.log":46,"stat.pickup.minecraft.iron_pickaxe":3,"stat.entityKilledBy.Skeleton":1,"stat.drop.minecraft.sapling":9,"stat.pickup.minecraft.sapling":17,"stat.killEntity.Squid":1,"stat.sprintOneCm":141424,"stat.pickup.minecraft.apple":1,"stat.craftItem.minecraft.stick":12,"stat.killEntity.Skeleton":1,"stat.craftItem.minecraft.planks":40,"stat.useItem.minecraft.iron_sword":56,"stat.drop.minecraft.wooden_hoe":1,"stat.mobKills":10,"stat.mineBlock.minecraft.log":41,"stat.deaths":3,"stat.drop":75,"stat.mineBlock.minecraft.leaves":31,"stat.pickup.minecraft.egg":1,"stat.playOneMinute":350396,"stat.sneakTime":1012,"stat.craftItem.minecraft.iron_pickaxe":1,"stat.pickup.minecraft.wool":5,"stat.killEntity.Zombie":6,"stat.mineBlock.minecraft.stone":10,"stat.mineBlock.minecraft.tallgrass":4,"stat.diveOneCm":31098}