{"stat.chestOpened":6,"stat.walkOneCm":220396,"stat.useItem.minecraft.bread":3,"stat.pickup.minecraft.wooden_slab":14,"stat.useItem.minecraft.stone":21,"stat.pickup.minecraft.gravel":29,"stat.leaveGame":1,"stat.pickup.minecraft.crafting_table":2,"stat.useItem.minecraft.log":34,"stat.furnaceInteraction":5,"stat.pickup.minecraft.flint":1,"stat.pickup.minecraft.log":53,"stat.drop.minecraft.iron_pickaxe":1,"stat.jump":477,"stat.swimOneCm":6331,"stat.useItem.minecraft.sand":209,"stat.useItem.minecraft.wooden_hoe":14,"stat.pickup.minecraft.coal":29,"stat.useItem.minecraft.planks":36,"stat.fallOneCm":7221,"stat.pickup.minecraft.iron_pickaxe":1,"stat.pickup.minecraft.furnace":1,"stat.craftItem.minecraft.bread":3,"stat.pickup.minecraft.stone":65,"stat.crouchOneCm":1846,"stat.pickup.minecraft.sapling":5,"stat.pickup.minecraft.dirt":16,"stat.useItem.minecraft.dirt":6,"stat.sprintOneCm":70768,"stat.useItem.minecraft.stone_slab2":34,"stat.craftItem.minecraft.stick":56,"stat.craftItem.minecraft.wooden_axe":1,"stat.craftingTableInteraction":17,"stat.pickup.minecraft.sand":258,"stat.useItem.minecraft.glass":8,"stat.useItem.minecraft.sapling":3,"stat.craftItem.minecraft.planks":12,"stat.useItem.minecraft.wheat_seeds":16,"stat.craftItem.minecraft.fence_gate":11,"stat.damageTaken":140,"stat.mineBlock.minecraft.crafting_table":2,"stat.mineBlock.minecraft.furnace":1,"stat.useItem.minecraft.wooden_shovel":233,"stat.pickup.minecraft.cobblestone":4,"stat.mineBlock.minecraft.wooden_slab":14,"stat.mineBlock.minecraft.log":17,"stat.pickup.minecraft.wooden_hoe":1,"stat.useItem.minecraft.dye":8,"stat.flyOneCm":64795,"stat.pickup.minecraft.wheat_seeds":18,"stat.drop":1,"stat.mineBlock.minecraft.leaves":2,"stat.mineBlock.minecraft.sand":261,"stat.playOneMinute":61288,"stat.craftItem.minecraft.wooden_shovel":4,"stat.mineBlock.minecraft.gravel":30,"stat.craftItem.minecraft.wooden_slab":168,"stat.sneakTime":899,"stat.damageDealt":59,"stat.craftItem.minecraft.glass":0,"stat.timeSinceDeath":61288,"stat.craftItem.minecraft.dye":12,"stat.useItem.minecraft.wooden_axe":24,"stat.useItem.minecraft.fence_gate":7,"stat.mineBlock.minecraft.dirt":16,"stat.useItem.minecraft.iron_pickaxe":71,"stat.useItem.minecraft.wooden_slab":173,"stat.mineBlock.minecraft.stone":69,"stat.mineBlock.minecraft.tallgrass":2,"stat.diveOneCm":5586,"stat.pickup.minecraft.wheat":11}