{"stat.chestOpened":3,"stat.pickup.minecraft.gravel":8,"stat.leaveGame":1,"stat.pickup.minecraft.iron_sword":1,"stat.pickup.minecraft.arrow":4,"stat.mineBlock.minecraft.cobblestone":3,"stat.pickup.minecraft.flint":1,"stat.pickup.minecraft.obsidian":3,"stat.craftItem.minecraft.coal":1,"stat.useItem.minecraft.rotten_flesh":5,"stat.swimOneCm":13257,"stat.jump":705,"stat.pickup.minecraft.coal":123,"stat.fallOneCm":8838,"stat.craftItem.minecraft.shield":1,"stat.pickup.minecraft.iron_ingot":4,"stat.pickup.minecraft.gunpowder":2,"stat.crouchOneCm":168,"stat.craftItem.minecraft.torch":4,"stat.craftItem.minecraft.iron_ingot":37,"stat.pickup.minecraft.dirt":25,"stat.craftItem.minecraft.iron_helmet":1,"stat.useItem.minecraft.stone_slab2":23,"stat.useItem.minecraft.cooked_chicken":4,"stat.craftingTableInteraction":29,"stat.pickup.minecraft.iron_ore":37,"stat.pickup.minecraft.rotten_flesh":5,"stat.craftItem.minecraft.furnace":1,"stat.pickup.minecraft.gold_ore":11,"stat.craftItem.minecraft.flint_and_steel":1,"stat.useItem.minecraft.egg":4,"stat.craftItem.minecraft.iron_boots":1,"stat.mineBlock.minecraft.log2":1,"stat.damageTaken":314,"stat.pickup.minecraft.feather":6,"stat.craftItem.minecraft.stone_pickaxe":1,"stat.mineBlock.minecraft.furnace":6,"stat.mineBlock.minecraft.torch":8,"stat.useItem.minecraft.wooden_pickaxe":61,"stat.mineBlock.minecraft.obsidian":3,"stat.pickup.minecraft.cobblestone":333,"stat.pickup.minecraft.log2":1,"stat.flyOneCm":76003,"stat.pickup.minecraft.bed":1,"stat.mineBlock.minecraft.gravel":9,"stat.useItem.minecraft.stone_pickaxe":132,"stat.craftItem.minecraft.iron_leggings":1,"stat.damageDealt":653,"stat.pickup.minecraft.redstone":106,"stat.mineBlock.minecraft.iron_ore":37,"stat.sleepInBed":3,"stat.timeSinceDeath":67297,"stat.mineBlock.minecraft.dirt":22,"stat.useItem.minecraft.iron_pickaxe":388,"stat.craftItem.minecraft.wooden_pickaxe":1,"stat.walkOneCm":164151,"stat.craftItem.minecraft.bed":1,"stat.useItem.minecraft.torch":10,"stat.pickup.minecraft.crafting_table":10,"stat.useItem.minecraft.cobblestone":87,"stat.furnaceInteraction":26,"stat.mineBlock.minecraft.coal_ore":63,"stat.craftItem.minecraft.boat":1,"stat.pickup.minecraft.log":9,"stat.pickup.minecraft.furnace":6,"stat.craftItem.minecraft.stone_slab2":0,"stat.craftItem.minecraft.gold_ingot":7,"stat.pickup.minecraft.stone":67,"stat.craftItem.minecraft.iron_chestplate":1,"stat.pickup.minecraft.chicken":5,"stat.pickup.minecraft.sapling":1,"stat.sprintOneCm":40110,"stat.craftItem.minecraft.stick":12,"stat.killEntity.Skeleton":1,"stat.craftItem.minecraft.planks":36,"stat.useItem.minecraft.iron_sword":14,"stat.killEntity.Chicken":5,"stat.mineBlock.minecraft.diamond_ore":6,"stat.mineBlock.minecraft.crafting_table":10,"stat.useItem.minecraft.diamond_pickaxe":3,"stat.mobKills":7,"stat.mineBlock.minecraft.log":9,"stat.craftItem.minecraft.cooked_chicken":5,"stat.pickup.minecraft.diamond":6,"stat.mineBlock.minecraft.leaves":12,"stat.pickup.minecraft.egg":4,"stat.playOneMinute":67297,"stat.pickup.minecraft.torch":8,"stat.mineBlock.minecraft.redstone_ore":23,"stat.craftItem.minecraft.iron_pickaxe":2,"stat.sneakTime":522,"stat.pickup.minecraft.wool":4,"stat.craftItem.minecraft.diamond_pickaxe":1,"stat.mineBlock.minecraft.stone":416,"stat.mineBlock.minecraft.gold_ore":7,"stat.mineBlock.minecraft.tallgrass":3,"stat.diveOneCm":4831}